{"cameraMode":{"drawMode":0,"name":"Shaded","section":"Shading Mode"},"sceneLighting":true,"audioPlay":false,"sceneViewState":{"showFog":true,"showMaterialUpdate":false,"showSkybox":true,"showFlares":true,"showImageEffects":true,"showParticleSystems":true},"in2DMode":false,"pivot":{"x":-3.631711483001709,"y":5.745426177978516,"z":5.193572998046875},"rotation":{"x":-0.0016817782307043672,"y":0.9723027944564819,"z":-0.23362508416175843,"w":-0.006999626290053129},"size":15.748358726501465,"orthographic":false}